"individual","status","MDS1","MDS2","pred_immigrant","pred_resident"
"Wytham_UK_N199647","immigrant",-0.0452286895801096,-0.106265654689582,1,0
"Wytham_UK_X237914","immigrant",-0.0330329056891908,-0.0833167487331537,0.36,0.64
"Wytham_UK_T642829","immigrant",-0.0926670351267093,-0.0742987164684657,0,1
"Wytham_UK_N200125","immigrant",-0.0686277243562534,-0.134559991617501,0.58,0.42
"Wytham_UK_N199637","immigrant",-0.0505176893271973,-0.1185801725941,0.14,0.86
"Wytham_UK_R639015","immigrant",-0.0997209627152448,-0.00566489953405029,1,0
"Wytham_UK_P812097","immigrant",0.0650282202972096,-0.0346354084751095,0.82,0.18
"Wytham_UK_F464553","immigrant",-0.176974494879279,0.15532516433004,0,1
"Wytham_UK_R040159","immigrant",-0.0940449982744072,-0.105337936122635,0.24,0.76
"Wytham_UK_J644937","immigrant",-0.115993697014168,-0.0766207323141295,0,1
"Wytham_UK_R639486","immigrant",0.0793206171073637,0.0973332893307093,0.92,0.08
"Wytham_UK_L312889","immigrant",-0.0512184153602983,-0.0022181602349089,0.86,0.14
"Wytham_UK_R639441","immigrant",-0.0562138136037838,-0.101511859493377,0.78,0.22
"Wytham_UK_X239704","immigrant",0.367470056567095,0.0566813671630803,1,0
"Wytham_UK_J644943","immigrant",0.235914119342638,-0.00982890735957118,1,0
"Wytham_UK_X239801","immigrant",-0.112271929041615,0.120779573642624,0,1
"Wytham_UK_R639189","immigrant",-0.115052170996325,-0.0902243556573894,0,1
"Wytham_UK_K578927","immigrant",-0.125877904438573,-0.0347419059451418,0,1
"Wytham_UK_T177550","immigrant",-0.166570975009312,0.218231235348692,0,1
"Wytham_UK_N200624","immigrant",-0.126150569771269,0.107030106748032,0.04,0.96
"Wytham_UK_T176885","immigrant",0.395747060501471,0.073149986187127,1,0
"Wytham_UK_N199294","immigrant",-0.0284064013708394,-0.102623053268396,0.4,0.6
"Wytham_UK_N199705","immigrant",0.00695876330165283,-0.137918145700133,0.18,0.82
"Wytham_UK_P439175","immigrant",0.0846523598052215,-0.0358887053766217,1,0
"Wytham_UK_T640005","immigrant",0.444036806125117,0.106208349320462,1,0
"Wytham_UK_T550029","immigrant",-0.132723980133878,0.112027342158655,0,1
"Wytham_UK_T640585","immigrant",0.187821663155795,-0.028609680717821,1,0
"Wytham_UK_J644859","immigrant",0.264234042415668,0.015698926827341,1,0
"Wytham_UK_X237911","immigrant",0.194050913453969,-0.0350900287621326,1,0
"Wytham_UK_T550105","immigrant",-0.15268882750198,0.155607089104417,0,1
"Wytham_UK_N199993","immigrant",-0.0995831666881188,-0.0532510594927238,0.9,0.1
"Wytham_UK_J644996","immigrant",0.0949855736502238,-0.0396875702575244,0.98,0.02
"Wytham_UK_P812080","immigrant",0.117115030816919,-0.0446249711082815,1,0
"Wytham_UK_T640096","immigrant",-0.0292402142474788,-0.148197957290459,0,1
"Wytham_UK_T640763","immigrant",-0.0547625205700829,-0.0708726669189948,0.08,0.92
"Wytham_UK_T640276","immigrant",0.332467614083602,0.0389249269128012,1,0
"Wytham_UK_N199113","immigrant",0.221206216465092,0.0244292326819455,1,0
"Wytham_UK_N199634","immigrant",0.283252298484152,0.0282830153753802,1,0
"Wytham_UK_T550058","immigrant",0.30523857703242,-0.0094217087644906,1,0
"Wytham_UK_L315203","immigrant",0.415477863780322,0.0765446933399297,1,0
"Wytham_UK_R639408","immigrant",0.0013945555727895,-0.0547822629352264,0.98,0.02
"Wytham_UK_T640798","immigrant",-0.138105400183783,0.0282936769215827,0.12,0.88
"Wytham_UK_T550043","immigrant",-0.0439606730451183,-0.110314894149963,0.06,0.94
"Wytham_UK_T640746","immigrant",-0.173051671948631,0.150795618057152,0,1
"Wytham_UK_P439017","immigrant",-0.0442849767039786,0.00611757469481492,0,1
"Wytham_UK_X239846","immigrant",-0.0412040018504727,0.146285938260221,0.04,0.96
"Wytham_UK_T550041","immigrant",-0.0618243498834204,-0.0171907476611326,0.02,0.98
"Wytham_UK_V260950","immigrant",0.00338539017618398,-0.0575805173189588,0.98,0.02
"Wytham_UK_X235615","immigrant",0.21294768694309,0.0279616352731756,1,0
"Wytham_UK_T640353","immigrant",0.0578448792203673,-0.0604429475487478,0.94,0.06
"Wytham_UK_C695391","immigrant",-0.216372838637171,0.32678504480416,0,1
"Wytham_UK_TB26824","immigrant",-0.0631430000739715,-0.153518181177718,1,0
"Wytham_UK_T177644","immigrant",-0.0938749794682903,-0.117833940473638,1,0
"Wytham_UK_X235502","immigrant",-0.128452081672285,0.0875098014994672,0.02,0.98
"Wytham_UK_T640338","immigrant",-0.0847455633972931,0.0190506715671399,1,0
"Wytham_UK_H300660","immigrant",-0.0469347215674439,-0.084010726056797,1,0
"Wytham_UK_H300052","immigrant",-0.118327876529886,-0.0692566957680535,0,1
"Wytham_UK_R040132","immigrant",0.287537294084188,0.00847053571950317,1,0
"Wytham_UK_T177743","immigrant",0.043686584206399,-0.127210888736042,0.98,0.02
"Wytham_UK_N199641","immigrant",-0.0764060927067956,-0.0831305632305965,0.08,0.92
"Wytham_UK_K578732","immigrant",-0.187464404873602,0.223589143648367,0,1
"Wytham_UK_R040133","immigrant",0.183879172009486,-0.0772469698221105,1,0
"Wytham_UK_N199642","immigrant",-0.117046350701715,-0.0381397647567242,0,1
"Wytham_UK_N199518","immigrant",0.310945950100881,0.034826012340828,1,0
"Wytham_UK_J644958","immigrant",0.101270886523982,-0.111885623363278,1,0
"Wytham_UK_T640315","immigrant",0.285822429333791,0.00942470309179714,1,0
"Wytham_UK_T550065","immigrant",0.0378085840844601,-0.100592075844114,1,0
"Wytham_UK_N199463","immigrant",0.253963344737516,-0.00596313483178288,1,0
"Wytham_UK_T177703","immigrant",-0.0564239535849869,-0.103349186105309,0.52,0.48
"Wytham_UK_T550082","immigrant",-0.126934016412221,0.0972467037095724,0.98,0.02
"Wytham_UK_N200109","immigrant",-0.015096894637545,-0.0400462333284375,0.04,0.96
"Wytham_UK_N199102","immigrant",0.203510749170687,0.0257082822206694,1,0
"Wytham_UK_L808165","immigrant",-0.112370849751255,-0.0502009969534155,0,1
"Wytham_UK_T550024","immigrant",0.325021531862114,0.0337844354501327,1,0
"Wytham_UK_T550098","immigrant",-0.0718768321246877,0.0248948633943142,0.02,0.98
"Wytham_UK_N199470","immigrant",0.402455578748528,0.0480857345307307,1,0
"Wytham_UK_N200942","immigrant",-0.075502067603452,-0.081934839167894,0.04,0.96
"Wytham_UK_N200599","immigrant",0.0289521134148199,-0.142783207999579,0.56,0.44
"Wytham_UK_T640748","immigrant",0.173391729841184,-0.0497430530500119,1,0
"Wytham_UK_N199505","immigrant",-0.0651174326693995,-0.113493918664243,0.1,0.9
"Wytham_UK_T640011","immigrant",-0.072941667764212,-0.098935614848517,1,0
"Wytham_UK_T550134","immigrant",-0.104130096933588,-0.0833171615867628,0.12,0.88
"Wytham_UK_R639201","immigrant",-0.0430580312178163,-0.0829345744492532,0.04,0.96
"Wytham_UK_X239571","immigrant",-0.0980015413850089,-0.128661165504975,0.92,0.08
"Wytham_UK_N200588","immigrant",-0.147332393488583,0.0278804733411553,0,1
"Wytham_UK_K578961","immigrant",-0.128237792970793,-0.0625512097311991,0,1
"Wytham_UK_P439161","immigrant",-0.0503154376215218,-0.109296091025714,0.32,0.68
"Wytham_UK_R040149","immigrant",-0.18387387715937,0.200701661507269,0,1
"Wytham_UK_R040172","immigrant",-0.00674067873856044,-0.106127728835485,1,0
"Wytham_UK_K578619","immigrant",0.20635581504693,-0.0273700235495665,1,0
"Wytham_UK_T640211","immigrant",0.0562276298096608,-0.116115716792793,1,0
"Wytham_UK_K578605","immigrant",0.363772026809426,0.0222477840808738,1,0
"Wytham_UK_N200009","immigrant",-0.0978223427463063,-0.0971951578004556,0,1
"Wytham_UK_F464559","immigrant",0.0228154304992233,-0.0827414268162162,0.86,0.14
"Wytham_UK_T176841","immigrant",0.0140636189390635,-0.109526835836423,1,0
"Wytham_UK_T550059","immigrant",0.205058732544817,-0.0171883963264654,1,0
"Wytham_UK_X235602","immigrant",-0.122611957734729,0.112155851382588,0,1
"Wytham_UK_N200126","immigrant",-0.125897363434143,0.0934155682540697,1,0
"Wytham_UK_R639455","immigrant",-0.0386533374713066,-0.0880689944039944,1,0
"Wytham_UK_T177799","immigrant",0.468544654207176,0.0874898517002075,1,0
"Wytham_UK_J645000","immigrant",-0.0974182597621278,-0.107430869628951,1,0
"Wytham_UK_P439036","immigrant",0.16747037602682,-0.0860435738728227,1,0
"Wytham_UK_N199106","immigrant",-0.13143476278848,-0.075917737667478,0,1
"Wytham_UK_F952447","immigrant",-0.0928674739134843,-0.094084940146396,0,1
"Wytham_UK_C695390","immigrant",0.208323886863401,-0.00288255624694308,1,0
"Wytham_UK_T640334","immigrant",0.152493940218494,-0.0650422924861136,1,0
"Wytham_UK_N199072","immigrant",0.400905227449951,0.054402682328596,1,0
"Wytham_UK_E985065","immigrant",0.112958901163115,-0.0699331034697989,0.08,0.92
"Wytham_UK_R639463","immigrant",0.195800623133014,-0.00947669903449213,1,0
"Wytham_UK_R040184","immigrant",-0.0204109369032009,-0.0256610325114361,0.32,0.68
"Wytham_UK_R639130","immigrant",-0.0022308751030407,-0.125212350361257,1,0
"Wytham_UK_H301196","immigrant",0.205243661909876,-0.0267443650983891,1,0
"Wytham_UK_L809630","immigrant",0.0172610121334855,-0.121232643555323,1,0
"Wytham_UK_T640374","immigrant",-0.116289209073922,0.0376570667753943,0,1
"Wytham_UK_X239718","immigrant",0.2209079713602,-0.0617616086311846,1,0
"Wytham_UK_J644956","immigrant",-0.081428773290575,-0.134508596570589,1,0
"Wytham_UK_T176813","immigrant",0.402675628151249,0.063641341044881,1,0
"Wytham_UK_X237904","immigrant",0.209147220054521,0.0119740881892619,1,0
"Wytham_UK_J644997","immigrant",-0.130833814156172,0.0908206899167758,0.06,0.94
"Wytham_UK_X239905","immigrant",0.28151877802112,0.0203448996295137,1,0
"Wytham_UK_T640344","immigrant",-0.0637190839887486,-0.0190280443017118,1,0
"Wytham_UK_R040057","immigrant",-0.0683646724468814,-0.012420415928513,1,0
"Wytham_UK_R639280","immigrant",-0.130202439097991,0.0157439865675936,0,1
"Wytham_UK_T640002","immigrant",-0.0421453586445297,-0.101455133370833,0.42,0.58
"Wytham_UK_C695386","immigrant",0.22650263294393,-0.0232184156441702,1,0
"Wytham_UK_T640209","immigrant",0.332502197389871,0.0575307726533558,1,0
"Wytham_UK_N199447","immigrant",-0.096145731859882,0.0449845629550576,0.88,0.12
"Wytham_UK_X239705","immigrant",-0.0808102652710794,-0.0911774339234662,1,0
"Wytham_UK_N200935","immigrant",-0.081673537543564,-0.103887956775576,0.26,0.74
"Wytham_UK_T550164","immigrant",0.334123951984855,0.0426554531365178,1,0
"Wytham_UK_R639004","immigrant",-0.131714844476006,0.127185372063356,0.04,0.96
"Wytham_UK_T640003","immigrant",0.321652127402926,0.0155695057358604,1,0
"Wytham_UK_K578717","immigrant",-0.0476159791656735,-0.114204482356726,0.08,0.92
"Wytham_UK_L315804","immigrant",0.0932298369550278,-0.0597456459152266,0.26,0.74
"Wytham_UK_T640328","immigrant",0.246950603681533,0.00393940647409609,1,0
"Wytham_UK_X235634","immigrant",0.162385158685648,-0.0344585146917608,1,0
"Wytham_UK_T640207","immigrant",0.0121119824719805,-0.126513111344847,1,0
"Wytham_UK_Y033824","immigrant",0.284267298643637,0.0343300070239788,1,0
"Wytham_UK_T550135","immigrant",-0.00608160037747092,0.115007523612167,0,1
"Wytham_UK_X237918","immigrant",0.23731486728662,-0.0224826712889802,1,0
"Wytham_UK_R040089","immigrant",0.342330267979288,0.0455873314594048,1,0
"Wytham_UK_P439282","immigrant",0.131314434730098,-0.0461536576697682,1,0
"Wytham_UK_N199707","immigrant",-0.0424404400895219,-0.0250740436392752,0.02,0.98
"Wytham_UK_T640728","immigrant",-0.115155082714506,0.0271084577121489,0.18,0.82
"Wytham_UK_X235619","immigrant",-0.0709170176882777,-0.0729876991585686,0.56,0.44
"Wytham_UK_Y033816","immigrant",0.184807762796273,-0.0511846344353227,1,0
"Wytham_UK_T177600","immigrant",0.0266876483202828,-0.0985284511142348,0.24,0.76
"Wytham_UK_N200581","immigrant",-0.00741875170167906,-0.0626629338204876,1,0
"Wytham_UK_N199646","immigrant",0.393256838642389,0.0557707460376884,1,0
"Wytham_UK_T176477","immigrant",-0.0634761918572516,-0.106412452110345,0.06,0.94
"Wytham_UK_C695356","immigrant",-0.0137694310027117,-0.108751372699412,0.02,0.98
"Wytham_UK_N200674","immigrant",-0.0995451412891285,-0.134963354160395,0.78,0.22
"Wytham_UK_E509370","immigrant",0.177580239362002,-0.0282486675334028,1,0
"Wytham_UK_T550189","immigrant",-0.104421247408985,0.00335772961374971,0.98,0.02
"Wytham_UK_X235620","immigrant",-0.157778831914602,0.149959571296599,0,1
"Wytham_UK_TK27091","immigrant",-0.129098892633792,0.133970891641051,0.06,0.94
"Wytham_UK_R040039","immigrant",0.0217518658553305,-0.116202957390248,0.94,0.06
"Wytham_UK_TC58859","immigrant",-0.0814357878365066,-0.132748133428761,0.82,0.18
"Wytham_UK_N200810","immigrant",-0.0685923725667401,-0.152011423272078,0.24,0.76
"Wytham_UK_E985071","immigrant",-0.0203193376360369,-0.00718875628912005,0.12,0.88
"Wytham_UK_X237894","immigrant",0.130717746009449,-0.0271332881386612,0.88,0.12
"Wytham_UK_L808160","immigrant",-0.0778028113012432,-0.118971055343855,0,1
"Wytham_UK_L315806","immigrant",-0.175730500646444,0.191254998979449,0,1
"Wytham_UK_A225307","immigrant",-0.146139469980707,0.0880245302713516,0,1
"Wytham_UK_N200941","immigrant",-0.0914419075551849,-0.0661591294844411,0,1
"Wytham_UK_P439051","immigrant",-0.0702970414196264,-0.0710486104367495,0.14,0.86
"Wytham_UK_N200584","immigrant",-0.139906135749396,0.0970904115661204,0,1
"Wytham_UK_N200115","immigrant",-0.141473867010045,0.0788835021514513,0,1
"Wytham_UK_J644950","immigrant",0.165594698192707,-0.0201078223700669,1,0
"Wytham_UK_N199441","immigrant",-0.0777260641645158,-0.107188541169758,1,0
"Wytham_UK_T640673","immigrant",0.154949785735713,-0.0129653525476036,1,0
"Wytham_UK_N199703","immigrant",0.066859470213798,-0.03999051342614,0.64,0.36
"Wytham_UK_N200706","immigrant",-0.136538774960694,-0.0411092956780143,0,1
"Wytham_UK_N199087","immigrant",-0.0382305248732083,-0.0389862442428475,1,0
"Wytham_UK_J644903","immigrant",0.0451549235618959,-0.146997098269289,0.08,0.92
"Wytham_UK_J644960","immigrant",-0.107960510813256,-0.0266424053812427,0.96,0.04
"Wytham_UK_T177617","immigrant",0.245348150835388,-0.0169416376381862,1,0
"Wytham_UK_T177774","immigrant",-0.0708878799217112,-0.0236167951603716,0.34,0.66
"Wytham_UK_P439583","immigrant",-0.0849112288457414,-0.128340636161166,1,0
"Wytham_UK_T177579","immigrant",-0.127798796505074,0.0810206350961959,0.2,0.8
"Wytham_UK_J644995","immigrant",-0.111511870075772,-0.0060254045500938,0,1
"Wytham_UK_T550200","immigrant",0.284492928411844,0.0111632451096291,1,0
"Wytham_UK_L312169","immigrant",-0.121688416258129,-0.0476477366087572,0,1
"Wytham_UK_T177501","immigrant",0.106795429188201,-0.0661355555258,1,0
"Wytham_UK_T177719","immigrant",-0.119834489512296,-0.0297548897323515,0,1
"Wytham_UK_R040127","immigrant",0.138939508745063,-0.0394141054934828,1,0
"Wytham_UK_TB26324","immigrant",-0.046226606362503,-0.0685144828706038,0.3,0.7
"Wytham_UK_T550071","immigrant",-0.128426671151177,0.078410284616751,0.04,0.96
"Wytham_UK_F952460","immigrant",-0.0878860899411592,0.0115193317956702,0,1
"Wytham_UK_T176932","immigrant",-0.0701155690940622,-0.0681089656697916,0.64,0.36
"Wytham_UK_N199973","immigrant",-0.0909500472121826,-0.128006708839859,1,0
"Wytham_UK_T640776","immigrant",-0.118497470519233,-0.0432030251066456,0,1
"Wytham_UK_N200905","immigrant",0.294483538832832,0.0371245195583684,1,0
"Wytham_UK_N200583","immigrant",0.336585025552339,0.0306602008799968,1,0
"Wytham_UK_T176922","immigrant",0.00709671624535348,-0.0198006351737559,1,0
"Wytham_UK_X235623","immigrant",0.0350441456301998,-0.0985288290262465,0.34,0.66
"Wytham_UK_R639113","immigrant",-0.102718165043355,-0.140313971565229,1,0
"Wytham_UK_T176481","immigrant",-0.0800671012156629,-0.0674645614361908,0.06,0.94
"Wytham_UK_R639132","immigrant",-0.00791579544669994,-0.0904165193643824,0.56,0.44
"Wytham_UK_TB26874","immigrant",0.430629262231076,0.0755865898728418,1,0
"Wytham_UK_T640309","immigrant",0.36020106152597,0.0624247091508567,1,0
"Wytham_UK_R040136","immigrant",0.396458009095823,0.0673235645818555,1,0
"Wytham_UK_X235104","immigrant",0.454131675334396,0.0752487855146571,1,0
"Wytham_UK_TB27138","resident",-0.0999612099520327,-0.0987483418246144,0.26,0.74
"Wytham_UK_TA16909","resident",-0.140364276195364,0.102008684624548,0,1
"Wytham_UK_TK26114","resident",-0.0490652319105659,-0.143901174141414,0.7,0.3
"Wytham_UK_TB26065","resident",-0.182116469446902,0.1949265895055,0,1
"Wytham_UK_TC59916","resident",-0.0773790948561688,-0.141331603253597,0.76,0.24
"Wytham_UK_VR91385","resident",-0.0272963650295992,-0.132023851487078,0.4,0.6
"Wytham_UK_TC58648","resident",-0.124725477867075,0.0149498599247502,0.06,0.94
"Wytham_UK_TB26221","resident",-0.0860870326291288,-0.108115721723431,0.1,0.9
"Wytham_UK_VF63410","resident",-0.085477657965371,0.00204350539430503,0.8,0.2
"Wytham_UK_TL37524","resident",-0.135584974186519,0.127792073122106,0.38,0.62
"Wytham_UK_TB26893","resident",-0.122457031560612,0.0336131583405734,0,1
"Wytham_UK_TB26811","resident",-0.105280650648294,-0.042776131811324,0,1
"Wytham_UK_TC58902","resident",-0.0940518605492251,-0.0578685505611092,0.02,0.98
"Wytham_UK_TL37859","resident",-0.136984804757883,0.108507179920921,0.04,0.96
"Wytham_UK_TA16928","resident",0.243493170534849,-0.00117286962221941,1,0
"Wytham_UK_TK25834","resident",0.0231212559290065,-0.082182210420586,0.96,0.04
"Wytham_UK_TA16843","resident",-0.103858233856597,-0.0730597447623879,0,1
"Wytham_UK_TC58792","resident",-0.0869886188649811,-0.12706904271569,0,1
"Wytham_UK_TA15328","resident",-0.104653824381907,0.00366061966698724,0,1
"Wytham_UK_TL39277","resident",0.132305799020101,-0.0634242621612419,1,0
"Wytham_UK_VT33545","resident",-0.110174721465654,-0.0743917871659462,0.44,0.56
"Wytham_UK_VR98264","resident",-0.0438760233212409,0.0259335934333352,1,0
"Wytham_UK_TP25159","resident",-0.0792421541520231,-0.112519943381607,0.1,0.9
"Wytham_UK_TE79816","resident",-0.195510444015558,0.237653247615349,0,1
"Wytham_UK_TE79755","resident",-0.0912186405133336,-0.130629205332561,0.16,0.84
"Wytham_UK_TL37793","resident",-0.216170503124376,0.294942518105042,0,1
"Wytham_UK_TC58463","resident",-0.0784931914311339,-0.0960684793165484,0.76,0.24
"Wytham_UK_TJ24902","resident",-0.0892042854100993,-0.0851976451055341,0,1
"Wytham_UK_TJ24755","resident",-0.0455077807794135,-0.0523837523259366,0.14,0.86
"Wytham_UK_TC58583","resident",-0.119427897722219,-0.0504500589766622,0,1
"Wytham_UK_TB26193","resident",-0.00152328927838452,-0.117486172338338,0.38,0.62
"Wytham_UK_TK25707","resident",-0.100635802198483,-0.143969581474906,1,0
"Wytham_UK_TC59028","resident",-0.092593160045618,0.0392644552174345,0.36,0.64
"Wytham_UK_TK26227","resident",-0.206820404017065,0.287369488711645,0,1
"Wytham_UK_TB21562","resident",-0.199911115274334,0.223782785887871,0,1
"Wytham_UK_VT33396","resident",0.0221519056895619,-0.121120114036993,0.02,0.98
"Wytham_UK_TE80025","resident",-0.0709710819214972,-0.131717796722568,0.84,0.16
"Wytham_UK_TC59159","resident",0.172279582359388,0.019570925319529,1,0
"Wytham_UK_TK27782","resident",0.146922487468805,-0.0450987709801695,1,0
"Wytham_UK_TC58607","resident",-0.14770069391129,0.160184185268618,0,1
"Wytham_UK_TR43666","resident",-0.226074390340357,0.330428152608256,0,1
"Wytham_UK_TC58508","resident",-0.0318641766222129,-0.141863281141581,0,1
"Wytham_UK_TC59720","resident",-0.13604552456554,0.0561585293201789,0,1
"Wytham_UK_TB27383","resident",-0.0832315260080397,-0.135390595907521,0.9,0.1
"Wytham_UK_TK25787","resident",-0.102404746776509,-0.092987266409406,0.08,0.92
"Wytham_UK_TB26668","resident",-0.15246602947703,0.171653386861219,0,1
"Wytham_UK_VT33778","resident",-0.178725462218895,0.223551648154042,0,1
"Wytham_UK_TL36368","resident",-0.116059442194081,-0.0546591351462505,0.14,0.86
"Wytham_UK_TB26166","resident",0.439650351517761,0.117399617180167,1,0
"Wytham_UK_TL39490","resident",-0.180626780013045,0.239717400874861,0,1
"Wytham_UK_TJ24809","resident",-0.118706516594281,0.0831296597997458,0.02,0.98
"Wytham_UK_TC59842","resident",-0.12769650220712,-0.0693899557365127,0,1
"Wytham_UK_TC58275","resident",-0.0804947147830629,-0.0432863401189308,0.04,0.96
"Wytham_UK_TC58907","resident",-0.181761765339862,0.210083585267401,0,1
"Wytham_UK_TC58392","resident",-0.13838186660928,0.081436236225102,0,1
"Wytham_UK_TK27960","resident",-0.0583064162620926,-0.148689561133811,0.96,0.04
"Wytham_UK_TK27821","resident",-0.13573569015532,0.0713992203062003,0,1
"Wytham_UK_TC59009","resident",-0.11730845164155,-0.0315208772813852,0,1
"Wytham_UK_TK25603","resident",-0.0880138801439093,-0.112843465414483,0.04,0.96
"Wytham_UK_TC59601","resident",-0.0245911449353301,-0.0842308117119983,0.92,0.08
"Wytham_UK_TC59703","resident",-0.146493664608064,0.185895450153425,0.12,0.88
"Wytham_UK_TC58056","resident",-0.0520512077203728,-0.0137740154141341,0.56,0.44
"Wytham_UK_TB26789","resident",-0.14282122976194,0.118560551471952,0.82,0.18
"Wytham_UK_VF63423","resident",-0.127486165500193,0.112393268192781,0,1
"Wytham_UK_TE79016","resident",-0.0273665414692159,-0.130549900177081,0,1
"Wytham_UK_TJ25265","resident",-0.130182438665627,0.114919786808332,0.28,0.72
"Wytham_UK_TB27305","resident",-0.105874628262585,0.0226616486325287,1,0
"Wytham_UK_TB26267","resident",-0.0118795556042993,-0.0011489729615197,0.14,0.86
"Wytham_UK_TJ26196","resident",-0.0776907983639784,-0.097707524426939,0.84,0.16
"Wytham_UK_TK25538","resident",0.183491368496178,-0.00821029194184746,1,0
"Wytham_UK_VT33014","resident",0.119407351158965,-0.113342827056089,1,0
"Wytham_UK_TB26731","resident",0.0517120592149369,-0.0843296518335924,1,0
"Wytham_UK_TB27375","resident",0.496805003560511,0.100528662009436,1,0
"Wytham_UK_TB27126","resident",-0.133156797582388,0.0882935632199376,0,1
"Wytham_UK_TL39629","resident",-0.129870411465988,0.0660259582071991,0,1
"Wytham_UK_TC58911","resident",-0.0801112522563081,-0.0914882130361032,0.22,0.78
"Wytham_UK_TC58825","resident",-0.163437936119489,0.183548358497262,0,1
"Wytham_UK_TC59633","resident",-0.134156841308965,-0.0339780216902399,0,1
"Wytham_UK_TC58183","resident",-0.0765682215267879,-0.0159249138755628,0.8,0.2
"Wytham_UK_TJ24863","resident",-0.166005100392865,0.176615927381309,0,1
"Wytham_UK_TL38179","resident",0.358965735092683,0.0167888537226239,1,0
"Wytham_UK_TL39121","resident",0.0515063249230387,-0.106054990671317,0.4,0.6
"Wytham_UK_TA16467","resident",-0.150693922706649,0.150923709584325,0,1
"Wytham_UK_TA16761","resident",0.0573112099969828,0.0482227077513896,1,0
"Wytham_UK_TK26669","resident",-0.0925290438000334,-0.113724742150151,0.08,0.92
"Wytham_UK_TK27532","resident",-0.121831883650783,0.0700992157749026,0,1
"Wytham_UK_VF63055","resident",-0.088659676472021,-0.0681520144154004,1,0
"Wytham_UK_VT33550","resident",-0.192106138495911,0.239021511573001,0,1
"Wytham_UK_TK27434","resident",-0.015321768431628,-0.104961111193694,0.62,0.38
"Wytham_UK_TC59922","resident",-0.167018184929151,0.164851921192642,0,1
"Wytham_UK_VF63832","resident",-0.0915970895221006,-0.00536353631356102,0.86,0.14
"Wytham_UK_TB21507","resident",0.10851824380058,0.123381739634146,0.98,0.02
"Wytham_UK_TJ24810","resident",-0.106588133749647,-0.030395900659578,0,1
"Wytham_UK_VF64753","resident",-0.087273188739762,-0.129420230110521,0.02,0.98
"Wytham_UK_TL36477","resident",-0.0978697587667218,-0.0748020150071014,0.46,0.54
"Wytham_UK_VS83127","resident",-0.0921734769026231,-0.0809696238887272,0,1
"Wytham_UK_TA16054","resident",0.139673063222074,-0.0729532895359336,0.88,0.12
"Wytham_UK_TL37574","resident",0.00716406209955323,-0.0846177498576252,0.92,0.08
"Wytham_UK_TB26723","resident",-0.0717505581279542,-0.0925228235887869,0,1
"Wytham_UK_VT33143","resident",-0.156095009063215,0.205902399083673,0,1
"Wytham_UK_TB26693","resident",-0.0731913885302791,-0.0989660444443943,0.32,0.68
"Wytham_UK_TC59312","resident",-0.0957460382002941,-0.0261128575448145,0,1
"Wytham_UK_TC58142","resident",0.0478391794962656,-0.0704714104767454,0.98,0.02
"Wytham_UK_TC58178","resident",-0.136492786087639,0.108565794477127,0.02,0.98
"Wytham_UK_TK27442","resident",-0.172661572185424,0.188630601822205,0,1
"Wytham_UK_TA16029","resident",-0.0924183275091324,-0.0530118762219287,1,0
"Wytham_UK_VT33419","resident",-0.147391214635785,0.042141303006531,0,1
"Wytham_UK_TK26156","resident",-0.178223634666118,0.19046036815451,0,1
"Wytham_UK_TK26373","resident",-0.0913124258674428,-0.119257172128306,1,0
"Wytham_UK_TC59847","resident",-0.091606955057942,-0.124573838747863,0.08,0.92
"Wytham_UK_TC58161","resident",-0.102594185864347,0.108646560587443,0,1
"Wytham_UK_TK25796","resident",-0.218398793994348,0.321426847985633,0,1
"Wytham_UK_TL37748","resident",-0.119723292336882,0.0586365307069947,0,1
"Wytham_UK_TB27233","resident",-0.0942145521360531,-0.0649126178749694,1,0
"Wytham_UK_TC58788","resident",-0.13145132769187,0.105293946694023,0,1
"Wytham_UK_TK25890","resident",-0.0771458861645468,-0.143464167747074,0.26,0.74
"Wytham_UK_TC58235","resident",-0.133065721282899,0.133632824692969,0.14,0.86
"Wytham_UK_TK25612","resident",-0.0571205854135237,-0.136145131045776,0,1
"Wytham_UK_VF63451","resident",-0.208873752154042,0.284813915761615,0,1
"Wytham_UK_TC59093","resident",-0.142132660084328,0.0783455051093469,0,1
"Wytham_UK_TB26845","resident",-0.0921082908300421,-0.0924000117265446,0,1
"Wytham_UK_TA16664","resident",-0.0827851674075207,-0.0800858251997988,0,1
"Wytham_UK_TC58046","resident",-0.0948610861696973,-0.0876541787025682,0.92,0.08
"Wytham_UK_TK25763","resident",-0.0418731323684354,-0.144559335757282,0,1
"Wytham_UK_TR42233","resident",-0.10372388605858,-0.0776268742004465,0,1
"Wytham_UK_TL37495","resident",-0.179276183793155,0.191657110084705,0,1
"Wytham_UK_TP41663","resident",-0.177153309698145,0.190170137926704,0,1
"Wytham_UK_TC58014","resident",-0.130383236209064,0.0454584704632865,0.02,0.98
"Wytham_UK_TA16514","resident",-0.0931846233635296,-0.0867682436935928,0,1
"Wytham_UK_TL38226","resident",-0.125251104039488,0.0459841311193685,0,1
"Wytham_UK_TL36340","resident",-0.0995687511370699,-0.114650528114171,0.08,0.92
"Wytham_UK_TB26699","resident",0.0037317529098678,-0.0681143008288491,0.96,0.04
"Wytham_UK_VF63063","resident",-0.127847301175054,0.0708468184697335,0,1
"Wytham_UK_TC58284","resident",-0.12060520036404,0.0151270731899832,0,1
"Wytham_UK_TJ24715","resident",-0.12998869726229,0.0758993262669275,0,1
"Wytham_UK_TK25618","resident",0.0689524649550919,-0.118133651454133,1,0
"Wytham_UK_TC59190","resident",-0.0419448443375258,-0.116337010115372,1,0
"Wytham_UK_VT33486","resident",-0.164246280032089,0.173850697911173,0,1
"Wytham_UK_TJ26128","resident",0.203207687310426,0.00945081044597994,1,0
"Wytham_UK_TK27150","resident",-0.132151609856127,0.0623728887475462,0,1
"Wytham_UK_TL37582","resident",-0.1052171713075,-0.0676776321833322,0,1
"Wytham_UK_TC59690","resident",0.181456225521353,-0.0645876656060985,1,0
"Wytham_UK_TC58585","resident",-0.112987580311683,-0.110198551296146,0,1
"Wytham_UK_VT33853","resident",-0.10548847263697,-0.0858049076151614,1,0
"Wytham_UK_TB26361","resident",-0.0505762577114651,0.0479896318219925,0.46,0.54
"Wytham_UK_TA16008","resident",-0.135731995553925,0.0780104581373941,0,1
"Wytham_UK_TK26525","resident",-0.0498669933043503,-0.0516923836145751,0.7,0.3
"Wytham_UK_TE80041","resident",0.0102436611994489,-0.103354571746971,0,1
"Wytham_UK_TB26734","resident",0.0563160983329872,-0.0854723317671152,0.22,0.78
"Wytham_UK_TB26298","resident",-0.0092423960827514,-0.116883582187084,0.5,0.5
"Wytham_UK_TC59623","resident",-0.132823414093143,0.0608187531280937,0,1
"Wytham_UK_TC59652","resident",-0.144307403947757,0.0433151687382806,0,1
"Wytham_UK_TA16185","resident",-0.0586589761042128,-0.0584989826125533,0.04,0.96
"Wytham_UK_TK25624","resident",-0.117524246656735,-0.0307674414587685,0,1
"Wytham_UK_TB26744","resident",-0.1069130049764,-0.0265928068090572,0.02,0.98
"Wytham_UK_TK26210","resident",0.00309908509463822,-0.112267546964965,0.1,0.9
"Wytham_UK_VT33529","resident",-0.0938259331046961,0.0179016722185588,1,0
"Wytham_UK_TA16800","resident",-0.0612255738128572,-0.028335331925568,0.16,0.84
"Wytham_UK_TL39600","resident",-0.0971542237403707,-0.116289625485134,1,0
"Wytham_UK_TK25676","resident",0.354324900702709,0.0415194502785917,1,0
"Wytham_UK_TL37531","resident",-0.186160090244117,0.222768962954497,0,1
"Wytham_UK_TK26980","resident",-0.199716383115512,0.237256392504329,0,1
"Wytham_UK_VF63170","resident",-0.0444752088129396,-0.102294991508682,0.1,0.9
"Wytham_UK_TC58878","resident",0.149835724370923,-0.105145552764651,1,0
"Wytham_UK_TB26296","resident",-0.211943513214163,0.296174080896288,0,1
"Wytham_UK_TL37131","resident",-0.101365455402933,-0.0791124556794337,0.66,0.34
"Wytham_UK_VT33530","resident",-0.178378254468839,0.206148021857559,0,1
"Wytham_UK_TE80216","resident",-0.133410661175859,0.106141152433025,0,1
"Wytham_UK_TK27628","resident",0.120968313991904,-0.0736783354015178,1,0
"Wytham_UK_TA16060","resident",-0.146418672510506,0.0244937369642754,0,1
"Wytham_UK_VT34632","resident",0.0720560167742329,0.00647030171207546,1,0
"Wytham_UK_VF64795","resident",-0.108321081454205,-0.0875191912578975,0,1
"Wytham_UK_TC58323","resident",-0.0612473965435487,-0.14233672098676,0,1
"Wytham_UK_TB26574","resident",-0.121479098079879,-0.0544963004696105,0,1
"Wytham_UK_TK27815","resident",-0.148674280810506,0.160853605009454,0.22,0.78
"Wytham_UK_TK26987","resident",-0.0990100908921142,-0.0939109747129993,0.2,0.8
"Wytham_UK_TP41544","resident",0.0223402834931655,-0.103493696507836,0.68,0.32
"Wytham_UK_TB26728","resident",-0.0881258207026007,-0.123788271254696,0.96,0.04
"Wytham_UK_VS84968","resident",-0.0401827954952515,0.00451281181323968,0.08,0.92
"Wytham_UK_TK26384","resident",0.0586186935495086,-0.0582468983454976,0.94,0.06
"Wytham_UK_TC59396","resident",-0.152480901643032,0.0777291318573103,0,1
"Wytham_UK_TC58880","resident",-0.0799034829471968,-0.0728306968115576,0.32,0.68
"Wytham_UK_TL39089","resident",-0.135144696147395,0.157012518380228,0.02,0.98
"Wytham_UK_TC59676","resident",-0.063833383638118,0.0063082921469611,0.12,0.88
"Wytham_UK_TC59254","resident",-0.0808927013006887,-0.153323261538507,0.02,0.98
"Wytham_UK_TP41623","resident",-0.165033267516915,0.18592196102325,0,1
"Wytham_UK_TL39605","resident",-0.125597515497943,0.0480970079120349,0,1
"Wytham_UK_TA16833","resident",-0.117593884190583,0.0171542046223009,0.02,0.98
"Wytham_UK_TC59927","resident",0.030320089529083,-0.0387248576358056,0.5,0.5
"Wytham_UK_TC58658","resident",-0.0612098226947404,-0.0283398331609175,0.98,0.02
"Wytham_UK_TA16577","resident",-0.178765137152497,0.219500903523347,0,1
"Wytham_UK_VR98349","resident",-0.0674268894917453,-0.107119940766766,0.1,0.9
"Wytham_UK_VF64776","resident",0.0310826890806926,-0.126390711594974,0.28,0.72
"Wytham_UK_TC59955","resident",-0.0785914291334939,-0.135065065266482,0.48,0.52
"Wytham_UK_TE79023","resident",-0.0867343369337937,0.0354489812509331,0,1
"Wytham_UK_VT33379","resident",-0.157112891536841,0.144825584224273,0,1
"Wytham_UK_TE80110","resident",-0.0715613146021363,-0.101198592669393,0.02,0.98
"Wytham_UK_TJ24861","resident",0.303431169073014,0.056392938355306,1,0
"Wytham_UK_TB27018","resident",0.158644879067567,-0.109836580073802,1,0
"Wytham_UK_TL37665","resident",-0.159147347771833,0.102770250186607,0,1
"Wytham_UK_TK26235","resident",-0.0318825627617682,-0.101197273191969,0.14,0.86
"Wytham_UK_TE80726","resident",-0.0737881209175616,-0.0697020769792391,0.5,0.5
"Wytham_UK_TC58171","resident",-0.0252852591934154,-0.147296086717912,0.1,0.9
"Wytham_UK_J644864","immigrant",-0.0702255766306094,-0.130816788168662,1,0
"Wytham_UK_K578058","immigrant",0.0281431879094733,-0.13820600775663,0.32,0.68
"Wytham_UK_N199440","immigrant",0.141098992803131,-0.0264664070602615,1,0
"Wytham_UK_N199643","immigrant",0.50352597251717,0.142204689852535,1,0
"Wytham_UK_N200998","immigrant",-0.0483449840086038,-0.120630676438861,0.9,0.1
"Wytham_UK_P439057","immigrant",0.236487373709255,0.0301082953047744,1,0
"Wytham_UK_R639009","immigrant",0.214183779418151,0.0302450744639678,1,0
"Wytham_UK_R639484","immigrant",0.366490418611955,0.123728659433984,1,0
"Wytham_UK_T176927","immigrant",0.34115158565716,0.123080174604458,1,0
"Wytham_UK_T177509","immigrant",0.493189633475087,0.137509339279458,1,0
"Wytham_UK_T177635","immigrant",0.424986176356684,0.126613041829265,1,0
"Wytham_UK_T640375","immigrant",-0.0199795174430498,0.0201356054647947,0.96,0.04
"Wytham_UK_H301159","immigrant",-0.10543888744317,-0.129891578541573,0.58,0.42
"Wytham_UK_J644840","immigrant",0.421071909867531,0.0889417432579454,1,0
"Wytham_UK_N200953","immigrant",-0.0212817276122745,-0.123972588170642,1,0
"Wytham_UK_N199111","immigrant",0.339194129304295,0.108478003384025,1,0
"Wytham_UK_N200907","immigrant",-0.101851766589873,-0.132777718470906,0,1
"Wytham_UK_P812096","immigrant",-0.0939594527866701,0.0854715399078139,0.02,0.98
"Wytham_UK_R639306","immigrant",0.338796818574514,0.102370944165339,1,0
"Wytham_UK_T176487","immigrant",-0.12618389051388,-0.0321089369591928,0.36,0.64
"Wytham_UK_T177665","immigrant",-0.0328175922874581,-0.113598074525397,0.28,0.72
"Wytham_UK_T177708","immigrant",-0.050101306489057,-0.12942620367176,0.4,0.6
"Wytham_UK_T177712","immigrant",0.322611178520009,0.096728399926318,1,0
"Wytham_UK_T550076","immigrant",0.472724101988414,0.103002974444169,1,0
"Wytham_UK_T640675","immigrant",-0.11386116891676,0.0228324594523076,0.26,0.74
"Wytham_UK_N199445","immigrant",0.171086436061774,0.0251149331969694,1,0
"Wytham_UK_R639013","immigrant",0.286863284321159,0.0747915813837633,1,0
"Wytham_UK_T177566","immigrant",-0.133061607072956,0.110916688948592,0.18,0.82
"Wytham_UK_T640769","immigrant",0.4349208742002,0.108570470378447,1,0
"Wytham_UK_T640800","immigrant",0.444061163447529,0.138231650257602,1,0
"Wytham_UK_X235628","immigrant",0.191437232644754,-0.00536657492821298,1,0
"Wytham_UK_X235629","immigrant",0.365609595595179,0.119333388780271,1,0
"Wytham_UK_X235630","immigrant",-0.000666266068711439,-0.0925208784873336,0.86,0.14
"Wytham_UK_X235631","immigrant",0.156704222577308,-0.0132907003339726,1,0
"Wytham_UK_X237908","immigrant",0.432339155115293,0.113827911931629,1,0
"Wytham_UK_X239717","immigrant",0.0833043951612795,-0.0454351425047144,0.96,0.04
"Wytham_UK_A225441","immigrant",0.367090976908811,0.113532166940676,1,0
"Wytham_UK_P439165","immigrant",0.245170326116277,0.0543886988487071,1,0
"Wytham_UK_P439195","immigrant",0.403950174931473,0.0831542486171338,1,0
"Wytham_UK_T176973","immigrant",0.021566190960005,-0.0480495549019649,0.76,0.24
"Wytham_UK_T177580","immigrant",-0.0561702289867488,-0.0741862496033589,0.2,0.8
"Wytham_UK_T640006","immigrant",0.379262270549316,0.0849167967968444,1,0
"Wytham_UK_E985073","immigrant",-0.0618449609077661,-0.15116968476991,1,0
"Wytham_UK_F952941","immigrant",0.376761723536488,0.0849742435679454,1,0
"Wytham_UK_J644998","immigrant",-0.119014696944555,-0.0416415157018798,0,1
"Wytham_UK_N200806","immigrant",-0.113387087046401,-0.109480437478786,0,1
"Wytham_UK_P812088","immigrant",0.0856562890583094,0.00270923009685204,0.96,0.04
"Wytham_UK_R639217","immigrant",0.440676308264295,0.118039741279068,1,0
"Wytham_UK_R639412","immigrant",0.101631051965111,0.00488262092485317,1,0
"Wytham_UK_T640234","immigrant",0.401233894418681,0.104381110136897,1,0
"Wytham_UK_T640348","immigrant",0.449096772979598,0.142088319210778,1,0
"Wytham_UK_E018352","immigrant",-0.118498059757027,0.0442793157903292,0,1
"Wytham_UK_J644935","immigrant",0.421016891557512,0.12196245196966,1,0
"Wytham_UK_N200712","immigrant",-0.096553898940039,-0.102236915683181,0,1
"Wytham_UK_T550019","immigrant",-0.0603814163702664,0.0927217269163609,0,1
"Wytham_UK_V729628","immigrant",-0.11535026482323,-0.123417678356934,0.46,0.54
"Wytham_UK_X235604","immigrant",-0.076796261579922,-0.149787669921063,1,0
"Wytham_UK_X239802","immigrant",0.427115815307702,0.0893769006561048,1,0
"Wytham_UK_X661866","immigrant",0.364218250727344,0.0949681397330059,1,0
"Wytham_UK_L315204","immigrant",-0.12786362580239,0.0285281709683551,0,1
"Wytham_UK_TP26294","immigrant",0.278932437922702,0.0730499269735582,1,0
"Wytham_UK_J644994","immigrant",-0.126303878483607,0.0812111697988228,0,1
"Wytham_UK_N199299","immigrant",-0.0880649995012858,-0.157300403629236,0.8,0.2
"Wytham_UK_N199650","immigrant",-0.085883967429315,-0.0809074275144526,0,1
"Wytham_UK_N200769","immigrant",-0.127142868591071,0.104449276358903,0,1
"Wytham_UK_N200906","immigrant",-0.0812269884954592,-0.168364841769862,1,0
"Wytham_UK_N200989","immigrant",-0.140460538287746,0.18917286583152,0,1
"Wytham_UK_N200991","immigrant",-0.0970911600630024,-0.121664034307924,0.4,0.6
"Wytham_UK_P439042","immigrant",0.0162817901929295,-0.116484155378549,0.7,0.3
"Wytham_UK_P812079","immigrant",-0.0280177409470476,-0.138536850921131,0.16,0.84
"Wytham_UK_R040074","immigrant",-0.178536264686448,0.121205970759946,0,1
"Wytham_UK_R040111","immigrant",-0.0918839089684826,-0.096576800730765,0.28,0.72
"Wytham_UK_R040112","immigrant",-0.0817940134423634,-0.144827971148821,0.02,0.98
"Wytham_UK_R639118","immigrant",0.479175155946493,0.148400303544292,1,0
"Wytham_UK_R639450","immigrant",-0.0986565241060618,-0.111292436346522,0,1
"Wytham_UK_T176864","immigrant",-0.0941743605759882,-0.115165526847239,0.14,0.86
"Wytham_UK_H300669","immigrant",0.0127141827901653,-0.100282128259631,0.94,0.06
"Wytham_UK_J644952","immigrant",-0.0707867951890172,-0.110433684113486,0.14,0.86
"Wytham_UK_P439580","immigrant",-0.170072999224831,0.223800231963828,0,1
"Wytham_UK_T640819","immigrant",-0.120394618959678,-0.103288902667163,0.02,0.98
"Wytham_UK_V729695","immigrant",0.141274026532489,0.000730097588512613,1,0
"Wytham_UK_X239701","immigrant",0.349062970654051,0.0954265422852968,1,0
"Wytham_UK_X239809","immigrant",0.213302502791097,0.0236914745534348,1,0
"Wytham_UK_X239901","immigrant",0.369034463780817,0.0960822952930559,1,0
"Wytham_UK_Y033835","immigrant",0.0316792708614299,-0.0230702548293416,1,0
"Wytham_UK_Y034702","immigrant",-0.0641917164184446,-0.0688335108714707,0.06,0.94
"Wytham_UK_Y034724","immigrant",0.0115143604656431,-0.0588797484102716,0.32,0.68
"Wytham_UK_TE80127","resident",-0.086112921354399,-0.111223838519317,0.08,0.92
"Wytham_UK_TK27850","resident",-0.150945697053829,0.154011795823844,0,1
"Wytham_UK_TK27676","resident",-0.246414804212695,0.358816377667745,0,1
"Wytham_UK_TL37539","resident",-0.148869656997155,0.149861348690465,0,1
"Wytham_UK_TE80569","resident",-0.123880822792903,0.114868017131487,0.02,0.98
"Wytham_UK_TK26361","resident",0.0084581366875477,-0.0258447848276693,0.6,0.4
"Wytham_UK_TJ26504","resident",-0.0305915258571661,-0.071030568194185,0.12,0.88
"Wytham_UK_TK25761","resident",0.00895202139237008,-0.0152377981388437,0.76,0.24
"Wytham_UK_TE79089","resident",-0.10337563284917,-0.0706400618564281,0.26,0.74
"Wytham_UK_TK26526","resident",-0.110124894636466,-0.104122826357634,1,0
"Wytham_UK_TA15724","resident",0.238485769108577,-0.0102406342161337,1,0
"Wytham_UK_TK25851","resident",-0.10506968795928,-0.100913356907905,0,1
"Wytham_UK_VT33709","resident",-0.199733838761368,0.256010809681096,0,1
"Wytham_UK_TL37664","resident",0.233524761442225,0.0245915039223655,1,0
"Wytham_UK_TB26672","resident",-0.0128075945348841,-0.125368854016002,1,0
"Wytham_UK_TA16845","resident",0.190767146016602,0.0200865829763874,1,0
"Wytham_UK_TK27679","resident",-0.161707874727711,0.196062372298868,0,1
"Wytham_UK_TK27406","resident",0.14499715428993,-0.00759787963035051,1,0
"Wytham_UK_TC59357","resident",-0.122547746678832,0.0898116258528836,0,1
"Wytham_UK_TL37795","resident",-0.204980217768064,0.2928890952969,0,1
"Wytham_UK_TE79646","resident",-0.0874316360651137,0.0490892102042297,0.38,0.62
"Wytham_UK_TB21524","resident",-0.0623559206595587,0.0129485603824086,0.34,0.66
"Wytham_UK_TC59648","resident",-0.1095038346895,0.0650328570416522,0.02,0.98
"Wytham_UK_TE80536","resident",-0.188959676686009,0.26308131244606,0,1
"Wytham_UK_TC58240","resident",-0.173498157513615,0.202302570412426,0,1
"Wytham_UK_TB26336","resident",-0.0670725261049802,-0.0700149602038436,0.16,0.84
"Wytham_UK_TA16125","resident",-0.132417481815915,0.073811394484378,0.02,0.98
"Wytham_UK_TE80458","resident",-0.152143739752711,0.120500876391115,0,1
"Wytham_UK_TC59394","resident",0.0477036889214205,-0.0712555226432005,0.98,0.02
"Wytham_UK_VR98182","resident",-0.115923114704656,-0.0427130341331425,0,1
"Wytham_UK_TE80684","resident",-0.0961099559577869,0.142639908646917,0,1
"Wytham_UK_TB26644","resident",0.0315388546006794,-0.0683790119937567,1,0
"Wytham_UK_TE79225","resident",-0.107448829290196,-0.122219871838871,0.04,0.96
"Wytham_UK_TL37067","resident",0.371415883855311,0.0871251734341008,1,0
"Wytham_UK_TC59491","resident",-0.137634664484496,0.19685266299094,0,1
"Wytham_UK_TE80533","resident",-0.088628685732782,-0.133103501025516,0.78,0.22
"Wytham_UK_VR98183","resident",0.100625800314055,-0.0434223262427781,1,0
"Wytham_UK_TE79554","resident",0.115089333354387,-0.048695806023655,1,0
"Wytham_UK_TE80229","resident",-0.0999448358920444,-0.0367668239294736,0.9,0.1
"Wytham_UK_TA15386","resident",-0.0934283728846268,-0.0962659051374219,0.04,0.96
"Wytham_UK_VR98038","resident",-0.191319208869375,0.23009388775874,0,1
"Wytham_UK_VR98262","resident",0.377068052525956,0.0804807853772505,1,0
"Wytham_UK_TC58372","resident",-0.0417751829885943,-0.0854596010601754,0.2,0.8
"Wytham_UK_TL39143","resident",-0.135873231380228,0.0579370550947848,0,1
"Wytham_UK_TK26257","resident",-0.0724380836244006,-0.122578656692998,0.04,0.96
"Wytham_UK_TK27416","resident",0.00226949802359331,0.0488586517730789,0.44,0.56
"Wytham_UK_TE80290","resident",-0.0714757562064833,-0.036056634770494,0,1
"Wytham_UK_TA16463","resident",-0.0911904649476663,-0.117364061066273,0.92,0.08
"Wytham_UK_VS83016","resident",-0.0589641173645706,-0.141661328167517,0,1
"Wytham_UK_TB26793","resident",0.357166516491726,0.0308072742907313,1,0
"Wytham_UK_TK26867","resident",-0.122092496033655,-0.116757094466154,0.32,0.68
"Wytham_UK_TJ26252","resident",-0.193852101097308,0.243941011928575,0,1
"Wytham_UK_TA16221","resident",-0.106091365087645,-0.0198244721816276,0,1
"Wytham_UK_TP25530","resident",-0.0573937798844791,-0.129812215382269,0.22,0.78
"Wytham_UK_VF63966","resident",0.39770428599371,0.131061743242573,1,0
"Wytham_UK_TB27177","resident",-0.101947965970819,-0.068916596431563,0,1
"Wytham_UK_TC58534","resident",-0.113309112005097,0.0829821846925259,0.14,0.86
"Wytham_UK_VR27854","resident",-0.162618913071546,0.14841065394329,0,1
"Wytham_UK_TC58018","resident",-0.0769672024625714,0.0852920530926694,0,1
"Wytham_UK_TC58469","resident",-0.0507996935881168,0.0347210403489843,0.46,0.54
"Wytham_UK_TK27533","resident",0.0221616324828385,-0.0661775240072717,0.06,0.94
"Wytham_UK_TJ25269","resident",-0.0580523165941773,0.0234777653607279,0.02,0.98
"Wytham_UK_TK25815","resident",-0.0107716683979589,-0.126253616858035,0,1
"Wytham_UK_TB27306","resident",-0.199088754916722,0.242482855758016,0,1
"Wytham_UK_TA16399","resident",-0.0127387737077115,-0.0407517022493203,1,0
"Wytham_UK_VE32620","resident",-0.198938163874715,0.293866081273167,0,1
"Wytham_UK_TB26724","resident",-0.179071453523154,0.175791673456811,0,1
"Wytham_UK_TL38174","resident",-0.109708666718142,-0.0591190960081544,0,1
"Wytham_UK_TC59481","resident",-0.0630596624827865,-0.0112360975857786,0.02,0.98
"Wytham_UK_TP28610","resident",-0.0917661833420361,-0.0716378087679301,0.08,0.92
"Wytham_UK_TC58369","resident",-0.00723495239366515,-0.1212362439891,0.02,0.98
"Wytham_UK_TA16440","resident",0.0112343228129972,0.015434756222041,0.16,0.84
"Wytham_UK_TE79305","resident",-0.108656013755212,0.0765219919412402,0.02,0.98
"Wytham_UK_TE80088","resident",0.0226688484093185,-0.0341415561286147,0.4,0.6
"Wytham_UK_TB27262","resident",-0.168986817425362,0.190158595852607,0,1
"Wytham_UK_TC58246","resident",0.217554030273781,0.0252544657802336,1,0
"Wytham_UK_TC58497","resident",0.0605714192175238,-0.0407363480267059,0.96,0.04
"Wytham_UK_TB26596","resident",-0.0220947198869257,-0.0730207656704825,1,0
"Wytham_UK_TC58076","resident",-0.0595122994473551,-0.0205466019844734,0,1
"Wytham_UK_VF63867","resident",-0.0202633709140873,-0.120364709760213,0.94,0.06
"Wytham_UK_TJ24564","resident",-0.0771419084904208,0.0259700394118252,1,0
"Wytham_UK_TK25667","resident",-0.144754071238973,0.128434275806069,0,1
"Wytham_UK_TC58340","resident",-0.166308197536075,0.165033896909453,0,1
"Wytham_UK_TJ24880","resident",0.429240111649527,0.120637396362248,1,0
"Wytham_UK_TK25875","resident",-0.0617426808515066,-0.139720957167455,0.88,0.12
"Wytham_UK_TK27529","resident",-0.0659118680795244,-0.102206907064806,0.26,0.74
"Wytham_UK_TB26583","resident",-0.114473466151357,0.0861486622918164,0,1
